DATE,DAY,GAME TIME,BYH TEAM,GAME LOCATION,EVENT TYPE,OPPONENT,NOTES,CONFIRMED,,,,,,,,,,,,,,,,,,,,,,,,,,,,,,
9/15/12,SATURDAY,8:45 AM,BANTAM UPPER A,REISTERSTOWN,NON LEAGUE,HOWARD,,9/10/12 - BUD BUONATO,,,,,,,,,,,,,,,,,,,,,,,,,,,,,,
9/15/12,SATURDAY,3:45 PM,PEE WEE LOWER A,PINEY ORCHARD,NON LEAGUE,METRO,,9/14/12 - NELSON BURTON,,,,,,,,,,,,,,,,,,,,,,,,,,,,,,
9/15/12,SATURDAY,11:05 AM,U18 LOWER A,LAUREL,NON LEAGUE,TRI-CITY,,9/10/12 - NEIL SCHUMAN,,,,,,,,,,,,,,,,,,,,,,,,,,,,,,
9/16/12,SUNDAY,12:00 PM,SQUIRT UPPER A,REISTERSTOWN,NON LEAGUE,HERSHEY,,9/14 - FRANK NEMSHICK,,,,,,,,,,,,,,,,,,,,,,,,,,,,,,
9/22/12,SATURDAY,5:50 PM,PEE WEE B,COLUMBIA,NON LEAGUE,HOWARD,,9/17/15 - BUD BUONATO,,,,,,,,,,,,,,,,,,,,,,,,,,,,,,
9/22/12,SATURDAY,4:15 PM,SQUIRT B,COLUMBIA,NON LEAGUE,HOWARD,,9/17/15 - BUD BUONATO,,,,,,,,,,,,,,,,,,,,,,,,,,,,,,
9/22/12,SATURDAY,1:00 PM,SQUIRT UPPER A,GIANT CENTER,NON-LEAGUE,HERSHEY,,9/17/12 - FRANK NEMSHICK,,,,,,,,,,,,,,,,,,,,,,,,,,,,,,
9/22/12,SATURDAY,12:55 PM,BANTAM UPPER A,RESTON,NON-LEAGUE,RESTON,,,,,,,,,,,,,,,,,,,,,,,,,,,,,,,,
9/23/12,SUNDAY,10:15 AM,PEE WEE LOWER A,REISTERSTOWN,NON LEAGUE,HARFORD,PEE WEE UPPER A,9/17/12 - MIKE VAN DELOO,,,,,,,,,,,,,,,,,,,,,,,,,,,,,,
9/23/12,SUNDAY,12:00 PM,U18 LOWER A,REISTERSTOWN,NON LEAGUE,FREDERICK,,,,,,,,,,,,,,,,,,,,,,,,,,,,,,,,
9/29/12,SATURDAY,9:55 AM,PEE WEE LOWER A,NAVAL ACADEMY - MC MULLEN,LEAGUE,NAVY,NO U18,9/24/12 - GREG SCHROEDER,,,,,,,,,,,,,,,,,,,,,,,,,,,,,,
9/29/12,SATURDAY,12:40 PM,BANTAM UPPER A,LAUREL,NON-LEAGUE,TRI-CITY,NO U18,,,,,,,,,,,,,,,,,,,,,,,,,,,,,,,
9/30/12,SUNDAY,10:15 AM,SQUIRT B,REISTERSTOWN,NON-LEAGUE,NAVY,NO U18,9/24/12 - GREG SCHROEDER,,,,,,,,,,,,,,,,,,,,,,,,,,,,,,
9/30/12,SUNDAY,12:00 PM,PEE WEE LOWER A,REISTERSTOWN,NON-LEAGUE,HAGERSTOWN,NO U18,,,,,,,,,,,,,,,,,,,,,,,,,,,,,,,
9/30/12,SUNDAY,9:15 AM,PEE WEE B,TWIN PONDS WEST,NON-LEAGUE,CAPITAL CITY VIPERS,,9/26/12 - CATHY LEE,,,,,,,,,,,,,,,,,,,,,,,,,,,,,,
10/6/12,SATURDAY,9:55 AM,BANTAM UPPER A,NAVAL ACADEMY - MC MULLEN,LEAGUE,NAVY,NO SQUIRT B,10/1/12 - GREG SCHROEDER,,,,,,,,,,,,,,,,,,,,,,,,,,,,,,
10/6/12,SATURDAY,6:50 PM,,MT PLEASANT,,,NO SQUIRT B,,,,,,,,,,,,,,,,,,,,,,,,,,,,,,,
10/6/12,SATURDAY,8:15 PM,PEE WEE B,BOWIE,LEAGUE,BOWIE,NO SQUIRT B,10/1/12 - CHRIS HINKSON,,,,,,,,,,,,,,,,,,,,,,,,,,,,,,
10/6/12,SATURDAY,12:30 PM,SQUIRT UPPER A,PRINCE WILLIAM ICE CENTER ,LEAGUE,PRINCE WILLIAM,NO SQUIRT B,10/1/12 - BRUCE JOHNSON,,,,,,,,,,,,,,,,,,,,,,,,,,,,,,
10/6/12,SATURDAY,10:45 AM,RAPIDS U12,MT PLEASANT,PRACTICE,,NO SQUIRT B,,,,,,,,,,,,,,,,,,,,,,,,,,,,,,,
10/6/12,SATURDAY,5:10 PM,U18 LOWER A,MT PLEASANT,NON-LEAGUE,TRI-CITY,NO SQUIRT B,10/2/12 - NEIL SCHUMAN,,,,,,,,,,,,,,,,,,,,,,,,,,,,,,
10/6/12,SATURDAY,6:55 PM,PEE WEE LOWER A,PINEY ORCHARD,NON-LEAGUE,METRO,,10/4/12 - NELSON BURTON,,,,,,,,,,,,,,,,,,,,,,,,,,,,,,
10/7/12,SUNDAY,9:45 AM,BANTAM UPPER A,REISTERSTOWN,LEAGUE,TRI-CITY,,10/2/12 - NEIL SCHUMAN,,,,,,,,,,,,,,,,,,,,,,,,,,,,,,
10/7/12,SUNDAY,1:15 PM,PEE WEE B,REISTERSTOWN,LEAGUE,PRINCE WILLIAM,,10/1/12 -  BRUCE JOHNSON,,,,,,,,,,,,,,,,,,,,,,,,,,,,,,
10/7/12,SUNDAY,11:30 AM,PEE WEE LOWER A,REISTERSTOWN,LEAGUE,FREDERICK,,10/1/12 - KEN ELLIOTT,,,,,,,,,,,,,,,,,,,,,,,,,,,,,,
10/7/12,SUNDAY,10:45 AM,SQUIRT B,MT PLEASANT,LEAGUE,HARFORD,,10/1/12 - MIKE VANDELOO,,,,,,,,,,,,,,,,,,,,,,,,,,,,,,
10/7/12,SUNDAY,9:00 AM,,MT PLEASANT,,,,,,,,,,,,,,,,,,,,,,,,,,,,,,,,,,
10/7/12,SUNDAY,9:50 AM,U18 LOWER A,LAUREL,NON-LEAGUE,TRI-CITY,,10/2/12 - NEIL SCHUMAN,,,,,,,,,,,,,,,,,,,,,,,,,,,,,,
10/13/12,SATURDAY,11:00 AM,SQUIRT B,REISTERSTOWN,LEAGUE,FREDERICK,NO U18 or RAPIDS U12,10/11/12 - KEN ELLIOTT,,,,,,,,,,,,,,,,,,,,,,,,,,,,,,
10/13/12,SATURDAY,2:55 PM,SQUIRT UPPER A,RESTON - NHL,LEAGUE,RESTON,NO U18 or RAPIDS U12,10/8/12 - TRACY COSKER,,,,,,,,,,,,,,,,,,,,,,,,,,,,,,
10/13/12,SATURDAY,10:45 AM,PEE WEE LOWER A,MT PLEASANT,LEAGUE,EASTON,NO U18 or RAPIDS U12,10/8/12 - KAREN WATERS,,,,,,,,,,,,,,,,,,,,,,,,,,,,,,
10/13/12,SATURDAY,5:10 PM,PEE WEE B,MT PLEASANT,LEAGUE,RESTON,NO U18 or RAPIDS U12,10/8/12 - TRACY COSKER,,,,,,,,,,,,,,,,,,,,,,,,,,,,,,
10/13/12,SATURDAY,6:50 PM,BANTAM UPPER A,MT PLEASANT,PRACTICE,,NO U18 or RAPIDS U12,,,,,,,,,,,,,,,,,,,,,,,,,,,,,,,
10/14/12,SUNDAY,12:30 PM,PEE WEE B,SKATE FREDERICK,LEAGUE,FREDERICK,,10/11/12 - KEN ELLIOTT,,,,,,,,,,,,,,,,,,,,,,,,,,,,,,
10/14/12,SUNDAY,10:00 AM,PEE WEE LOWER A,HAGERSTOWN,LEAGUE,HAGERSTOWN,,10/8/12 LAURA ELMOHANDES,,,,,,,,,,,,,,,,,,,,,,,,,,,,,,
10/14/12,SUNDAY,11:30 AM,RAPIDS U12,REISTERSTOWN,LEAGUE,NOVA 2,,,,,,,,,,,,,,,,,,,,,,,,,,,,,,,,
10/14/12,SUNDAY,9:45 AM,SQUIRT B,REISTERSTOWN,LEAGUE,METRO,,10/8/12 - KRISTINA,,,,,,,,,,,,,,,,,,,,,,,,,,,,,,
10/14/12,SUNDAY,4:00 PM,U18 LOWER A,SKATE FREDERICK,LEAGUE,FREDERICK,,10/11/12 - KEN ELLIOTT,,,,,,,,,,,,,,,,,,,,,,,,,,,,,,
10/14/12,SUNDAY,1:15 PM,BANTAM UPPER A,REISTERSTOWN,NON-LEAGUE,LANCASTER FIRE BIRDS,,10/8/12 - JEN,,,,,,,,,,,,,,,,,,,,,,,,,,,,,,
10/14/12,SUNDAY,9:00 AM,,MT PLEASANT,,,,,,,,,,,,,,,,,,,,,,,,,,,,,,,,,,
10/14/12,SUNDAY,10:45 AM,,MT PLEASANT,,,,,,,,,,,,,,,,,,,,,,,,,,,,,,,,,,
10/14/12,SUNDAY,12:25 PM,SQUIRT UPPER A,NAVAL ACADEMY - MC MULLEN,LEAGUE,NAVY,,10/8/12 - GREG SCHROEDER,,,,,,,,,,,,,,,,,,,,,,,,,,,,,,
10/20/12,SATURDAY,11:00 AM,BANTAM UPPER A,REISTERSTOWN,LEAGUE,FREDERICK,,10/17/12 - KEN ELLIOT,,,,,,,,,,,,,,,,,,,,,,,,,,,,,,
10/20/12,SATURDAY,10:45 AM,PEE WEE B,MT PLEASANT,LEAGUE,BOWIE,,10/15/12 - CHRIS HINKSON,,,,,,,,,,,,,,,,,,,,,,,,,,,,,,
10/20/12,SATURDAY,5:40 PM,SQUIRT B,ROCKVILLE #2,LEAGUE,MONTGOMERY GOLD,,10/15/12 - BOB WEISS,,,,,,,,,,,,,,,,,,,,,,,,,,,,,,
10/20/12,SATURDAY,12:50 PM,U18 LOWER A,LAUREL,LEAGUE,TRI-CITY,,10/16/12 - JOE SCHWARTZ,,,,,,,,,,,,,,,,,,,,,,,,,,,,,,
10/20/12,SATURDAY,5:10 PM,RAPIDS U12,MT PLEASANT,LEAGUE,NOVA 1,,10/15/12 - DAWN PAGE,,,,,,,,,,,,,,,,,,,,,,,,,,,,,,
10/20/12,SATURDAY,6:50 PM,SQUIRT UPPER A,MT PLEASANT,NON-LEAGUE,TRI-CITY,,,,,,,,,,,,,,,,,,,,,,,,,,,,,,,,
10/20/12,SATURDAY,9:30 AM,SQUIRT REC,ICE WORLD,NON-LEAGUE,HARFORD,,10/15/12 - MIKE VANDE LOO,,,,,,,,,,,,,,,,,,,,,,,,,,,,,,
10/20/12,SATURDAY,11:00 AM,PEE WEE REC WHITE,ICE WORLD,NON-LEAGUE,HARFORD,,10/15/12 - MIKE VANDE LOO,,,,,,,,,,,,,,,,,,,,,,,,,,,,,,
10/20/12,SATURDAY,12:30 PM,BANTAM REC,ICE WORLD,NON-LEAGUE,HARFORD,,10/15/12 - MIKE VANDE LOO,,,,,,,,,,,,,,,,,,,,,,,,,,,,,,
10/21/12,SUNDAY,2:55 PM,BANTAM UPPER A,CABIN JOHN,LEAGUE,MONTOMERY,,10/15/12 - BOB WEISS,,,,,,,,,,,,,,,,,,,,,,,,,,,,,,
10/21/12,SUNDAY,9:45 AM,PEE WEE B,REISTERSTOWN,LEAGUE,HOWARD,,10/15/12 - BUD BUONATO,,,,,,,,,,,,,,,,,,,,,,,,,,,,,,
10/21/12,SUNDAY,9:15 AM,PEE WEE LOWER A,MT VERNON,LEAGUE,NOVA,,10/15/12 - DAWN PAGE,,,,,,,,,,,,,,,,,,,,,,,,,,,,,,
10/21/12,SUNDAY,11:30 AM,SQUIRT UPPER A,REISTERSTOWN,LEAGUE,ASHBURN,,10/15/12 - MIKE LESLIE,,,,,,,,,,,,,,,,,,,,,,,,,,,,,,
10/21/12,SUNDAY,1:15 PM,,REISTERSTOWN,,,,,,,,,,,,,,,,,,,,,,,,,,,,,,,,,,
10/21/12,SUNDAY,9:00 AM,SQUIRT B,MT PLEASANT,NON-LEAGUE,YORK,,10/15/12 - WAYNE WINEMILLER,,,,,,,,,,,,,,,,,,,,,,,,,,,,,,
10/21/12,SUNDAY,10:45 AM,U18 LOWER A,MT PLEASANT,NON-LEAGUE,HOWARD U16AA,,10/15/12 - BUD BUONATO,,,,,,,,,,,,,,,,,,,,,,,,,,,,,,
10/27/12,SATURDAY,5:10 PM,U18 LOWER A,MT PLEASANT,LEAGUE ,RICHMOND,,10/22/12 - MIKE LYONS,,,,,,,,,,,,,,,,,,,,,,,,,,,,,,
10/27/12,SATURDAY,11:00 AM,PEE WEE REC BLACK/RAPIDS U12,REISTERSTOWN,PRACTICE,PRACTICE,,,,,,,,,,,,,,,,,,,,,,,,,,,,,,,,
10/27/12,SATURDAY,10:45 AM,MIDGET REC WHITE,MT PLEASANT,LEAGUE,SOUTHERN MARYLAND,,10/22/12 - CHRIS KENNEDY,,,,,,,,,,,,,,,,,,,,,,,,,,,,,,
10/27/12,SATURDAY,6:50 PM,BANTAM UPPER A,MT PLEASANT,PRACTICE,PRACTICE,,,,,,,,,,,,,,,,,,,,,,,,,,,,,,,,
10/27/12,SATURDAY,6:15 PM,BANTAM REC,CAPITOL CLUB HOUSE,LEAGUE,SOUTHERN MARYLAND RED,,10/22/12 - CHRIS KENNEDY,,,,,,,,,,,,,,,,,,,,,,,,,,,,,,
10/28/12,SUNDAY,1:15 PM,SQUIRT B,REISTERSTOWN,LEAGUE,RESTON,,,,,,,,,,,,,,,,,,,,,,,,,,,,,,,,
10/28/12,SUNDAY,9:45 AM,,REISTERSTOWN,,,,,,,,,,,,,,,,,,,,,,,,,,,,,,,,,,
10/28/12,SUNDAY,11:30 AM,,REISTERSTOWN,,,,,,,,,,,,,,,,,,,,,,,,,,,,,,,,,,
10/28/12,SUNDAY,9:00 AM,,MT PLEASANT,,,,,,,,,,,,,,,,,,,,,,,,,,,,,,,,,,
10/28/12,SUNDAY,10:45 AM,MIDGET REC BLACK,MT PLEASANT,NON-LEAGUE,YORK WHITE,,,,,,,,,,,,,,,,,,,,,,,,,,,,,,,,
10/28/12,SUNDAY,8:00 AM,RAPIDS U12,LAUREL - LOGSDON,LEAGUE,NOVA 1,,,,,,,,,,,,,,,,,,,,,,,,,,,,,,,,
10/28/12,SUNDAY,1:00 PM,SQUIRT REC,CAPITOL CLUB HOUSE,LEAGUE,SOUTHERN MARYLAND RED,,10/22/12 - CHRIS KENNEDY,,,,,,,,,,,,,,,,,,,,,,,,,,,,,,
11/3/12,SATURDAY,8:50 PM,BANTAM UPPER A,ASHBURN,LEAGUE,ASHBURN,NO RAPIDS U12,10/30/12 - MIKE LESLIE,,,,,,,,,,,,,,,,,,,,,,,,,,,,,,
11/3/12,SATURDAY,8:30 AM,SQUIRT REC,NAVAL ACADEMY - MC MULLEN,LEAGUE,NAVY,NO RAPIDS U12,10/29/12 - GREG SCHROEDER,,,,,,,,,,,,,,,,,,,,,,,,,,,,,,
11/3/12,SATURDAY,3:15 PM,SQUIRT UPPER A,MT VERNON,LEAGUE,NOVA,NO RAPIDS U12,,,,,,,,,,,,,,,,,,,,,,,,,,,,,,,
11/3/12,SATURDAY,6:45 PM,U18 LOWER A,PINEY ORCHARD,LEAGUE,METRO,NO RAPIDS U12,10/29/12 - KRISTINA,,,,,,,,,,,,,,,,,,,,,,,,,,,,,,
11/3/12,SATURDAY,11:00 AM,PEE WEE REC WHITE,REISTERSTOWN,LEAGUE,HOWARD GREY,NO RAPIDS U12,10/28/12 - BUD BUONATO,,,,,,,,,,,,,,,,,,,,,,,,,,,,,,
11/3/12,SATURDAY,10:45 AM,PEE WEE REC BLACK,MT PLEASANT,LEAGUE,HOWARD WHITE,NO RAPIDS U12,10/28/12 - BUD BUONATO,,,,,,,,,,,,,,,,,,,,,,,,,,,,,,
11/3/12,SATURDAY,5:10 PM,TRY HOCKEY FREE,MT PLEASANT,,,NO RAPIDS U12,,,,,,,,,,,,,,,,,,,,,,,,,,,,,,,
11/3/12,SATURDAY,6:50 PM,MIDGET REC BLACK,MT PLEASANT,NON-LEAGUE,MIDGET REC WHITE,NO RAPIDS U12,10/30/12 - ANDY GREY,,,,,,,,,,,,,,,,,,,,,,,,,,,,,,
11/4/12,SUNDAY,10:45 AM,PEE WEE B,MT PLEASANT,LEAGUE,RESTON,NO RAPIDS U12,10/30/12 - TRACK COSKER,,,,,,,,,,,,,,,,,,,,,,,,,,,,,,
11/4/12,SUNDAY,11:30 AM,PEE WEE LOWER A,REISTERSTOWN,LEAGUE,EASTON,NO RAPIDS U12,,,,,,,,,,,,,,,,,,,,,,,,,,,,,,,
11/4/12,SUNDAY,9:45 AM,BANTAM REC,REISTERSTOWN,LEAGUE,NOVA 1,NO RAPIDS U12,10/29/12 - BILL GERKE,,,,t,,,,,,,,,,,,,,,,,,,,,,,,,,
11/4/12,SUNDAY,1:15 PM,MIDGET REC WHITE,REISTERSTOWN,LEAGUE,NOVA 1,NO RAPIDS U12,10/29/12 - BILL GERKE,,,,,,,,,,,,,,,,,,,,,,,,,,,,,,
11/4/12,SUNDAY,8:00 AM,,PATTERSON PARK,,,,,,,,,,,,,,,,,,,,,,,,,,,,,,,,,,
11/4/12,SUNDAY,9:00 AM,RAPIDS U12,MT PLEASANT,PRACTICE,,NO RAPIDS U12,,,,,,,,,,,,,,,,,,,,,,,,,,,,,,,
11/4/12,SUNDAY,12:05 PM,SQUIRT B,ROCKVILLE 1,NON LEAGUE,MONTGOMERY GOLD,NO RAPIDS U12,10/28/12 - BOB WEISS,,,,,,,,,,,,,,,,,,,,,,,,,,,,,,
11/4/12,SUNDAY,5:30 PM,MIDGET REC BLACK,BOWIE,LEAGUE,BOWIE GOLD,,10/30 /12 - CHRIS HINKSON,,,,,,,,,,,,,,,,,,,,,,,,,,,,,,
11/10/12,SATURDAY,11:00 AM,SQUIRT UPPER A,REISTERSTOWN,LEAGUE,FREDERICK,,,,,,,,,,,,,,,,,,,,,,,,,,,,,,,,
11/10/12,SATURDAY,2:30 PM,U18 LOWER A,MSA (MAIN STREET ARENA),LEAGUE,BLUE RIDGE,,,,,,,,,,,,,,,,,,,,,,,,,,,,,,,,
11/10/12,SATURDAY,10:45 AM,BANTAM UPPER A,MT PLEASANT,NON-LEAGUE,TRI-CITY,,11/5/12 - JOE SCHWARTZ,,,,,,,,,,,,,,,,,,,,,,,,,,,,,,
11/10/12,SATURDAY,5:10 PM,PEE WEE REC BLACK,MT PLEASANT,LEAGUE,SOUTHERN MARYLAND,,11/5/12 - CHRIS KENNEDY,,,,,,,,,,,,,,,,,,,,,,,,,,,,,,
11/10/12,SATURDAY,6:50 PM,BANTAM REC,MT PLEASANT,LEAGUE,WELLS,,11/7/12 - JOE HAMPTON,,,,,,,,,,,,,,,,,,,,,,,,,,,,,,
11/10/12,SATURDAY,4:00 PM,SQUIRT REC,LAUREL,LEAUGE ,HOWARD BLACK,,11/5/12 - BUD BUONATO,,,,,,,,,,,,,,,,,,,,,,,,,,,,,,
11/10/12,SATURDAY,2:15 PM,MIDGET REC WHITE,PINEY ORCHARD,LEAGUE,METRO,,11/5/12 - KRISTINA,,,,,,,,,,,,,,,,,,,,,,,,,,,,,,
11/11/12,SUNDAY,1:15 PM,BANTAM UPPER A,REISTERSTOWN,LEAGUE,EASTON,,11/8/12- KAREN WATERS ,,,,,,,,,,,,,,,,,,,,,,,,,,,,,,
11/11/12,SUNDAY,11:30 AM,PEE WEE B,REISTERSTOWN,LEAGUE,FREDERICK,,,,,,,,,,,,,,,,,,,,,,,,,,,,,,,,
11/11/12,SUNDAY,8:10 AM,PEE WEE LOWER A,BOWIE,LEAGUE,BOWIE,,11/5/12 - CHRIS HINKSON,,,,,,,,,,,,,,,,,,,,,,,,,,,,,,
11/11/12,SUNDAY,10:45 AM,RAPIDS U12,MT PLEASANT,NON-LEAGUE,CHEVY CHASE,,11/7/12 - LINDSAY CEPHAS,,,,,,,,,,,,,,,,,,,,,,,,,,,,,,
11/11/12,SUNDAY,10:00 AM,U18 LOWER A,MSA (MAIN STREET ARENA),NON-LEAGUE,BLUE RIDGE,CALL ZACH TO SEE IF THEY WANT TO KEEP THIS GAME,,,,,,,,,,,,,,,,,,,,,,,,,,,,,,,
11/11/12,SUNDAY,9:45 AM,PEE WEE REC WHITE,REISTERSTOWN,LEAGUE,NOVA 2,,11/5/12 - BILL GERKE,,,,,,,,,,,,,,,,,,,,,,,,,,,,,,
11/11/12,SUNDAY,9:00 AM,MIDGET REC WHITE,MT PLEASANT,LEAGUE,WELLS,,11/7/12 - JOE HAMPTON,,,,,,,,,,,,,,,,,,,,,,,,,,,,,,
11/11/12,SUNDAY,8:00 AM,,PATTERSON PARK,,,,,,,,,,,,,,,,,,,,,,,,,,,,,,,,,,
11/11/12,SUNDAY,4:00 PM,MIDGET REC BLACK,FORT DUPONT,NON-LEAGUE,NOVA 2,,11/5/12 - BILL GERKE,,,,,,,,,,,,,,,,,,,,,,,,,,,,,,
11/17/12,SATURDAY,10:45 AM,SQUIRT B,MT PLEASANT,NON-LEAGUE,NAVY,,11/11/12 - GREG SCHROEDER,,,,,,,,,,,,,,,,,,,,,,,,,,,,,,
11/17/12,SATURDAY,4:15 PM,PEE WEE B,COLUMBIA,LEAGUE,HOWARD,,11/11/12 - BUD BUONATO,,,,,,,,,,,,,,,,,,,,,,,,,,,,,,
11/17/12,SATURDAY,5:10 PM,SQUIRT UPPER A,MT PLEASANT,LEAGUE,HAGERSTOWN,,11/12/12 - LAURA,,,,,,,,,,,,,,,,,,,,,,,,,,,,,,
11/17/12,SATURDAY,11:00 AM,U18 LOWER A,REISTERSTOWN,LEAGUE,FREDERICK,,11/13/12 - KEN ELLIOTT,,,,,,,,,,,,,,,,,,,,,,,,,,,,,,
11/17/12,SATURDAY,6:50 PM,RAPIDS U12,MT PLEASANT,NON-LEAGUE,PRINCE WILLIAM SQUIRT SELECT,,11/14/12 - BRUCE JOHNSON,,,,,,,,,,,,,,,,,,,,,,,,,,,,,,
11/17/12,SATURDAY,11:00 AM,SQUIRT REC,LAUREL,LEAGUE,TRI-CITY FALCONS 2,,11/12/12 - TOM HENDRIX,,,,,,,,,,,,,,,,,,,,,,,,,,,,,,
11/18/12,SUNDAY,11:30 AM,BANTAM UPPER A,REISTERSTOWN,LEAGUE,HOWARD,,11/11/12 - BUD BUONATO,,,,,,,,,,,,,,,,,,,,,,,,,,,,,,
11/18/12,SUNDAY,9:00 AM,SQUIRT REC,MT PLEASANT,LEAGUE,NOVA 3,,11/12/12 - BLL GERKE,,,,,,,,,,,,,,,,,,,,,,,,,,,,,,
11/18/12,SUNDAY,12:00 PM,PEE WEE B,ICE WORLD,LEAGUE,HARFORD,,11/11/12 - MIKE VANDELOO,,,,,,,,,,,,,,,,,,,,,,,,,,,,,,
11/18/12,SUNDAY,11:30 AM,PEE WEE LOWER A,HAGERSTOWN,LEAGUE,HAGERSTOWN,,11/12/12 - LAURA,,,,,,,,,,,,,,,,,,,,,,,,,,,,,,
11/18/12,SUNDAY,9:30 AM,SQUIRT B,PINEY ORCHARD,LEAGUE,METRO,,11/12/12 - KRISTINA,,,,,,,,,,,,,,,,,,,,,,,,,,,,,,
11/18/12,SUNDAY,9:45 AM,SQUIRT UPPER A,REISTERSTOWN,LEAGUE,MONTGOMERY BLUE,,11/11/12 - BOB WEISS,,,,,,,,,,,,,,,,,,,,,,,,,,,,,,
11/18/12,SUNDAY,1:15 PM,PEE WEE REC BLACK,REISTERSTOWN,LEAGUE,NOVA 1,,11/12/12 - BLL GERKE,,,,,,,,,,,,,,,,,,,,,,,,,,,,,,
11/18/12,SUNDAY,10:45 AM,MIDGET REC BLACK,MT PLEASANT,LEAGUE,HOWARD WHITE,,11/11/12 - BUD BUONATO,,,,,,,,,,,,,,,,,,,,,,,,,,,,,,
11/18/12,SUNDAY,8:00 AM,PEE WEE REC WHITE,PATTERSON PARK,LEAGUE,CHEVY CHASE RED,,11/12/12 - LINDSAY CEPHAS,,,,,,,,,,,,,,,,,,,,,,,,,,,,,,
11/18/12,SUNDAY,5:30 PM,MIDGET REC WHITE,FORT DUPONT,LEAGUE,NOVA 2,,11/12/12 - BLL GERKE,,,,,,,,,,,,,,,,,,,,,,,,,,,,,,
12/1/12,SATURDAY,2:30 PM,BANTAM UPPER A,SKATE FREDERICK,LEAGUE,FREDERICK,,11/27/12 - KEN ELLIOTT,,,,,,,,,,,,,,,,,,,,,,,,,,,,,,
12/1/12,SATURDAY,3:25 PM,PEE WEE B,RESTON - OLYMPIC,LEAGUE,RESTON,,11/30/12 - TRACY COSKER,,,,,,,,,,,,,,,,,,,,,,,,,,,,,,
12/1/12,SATURDAY,3:15 PM,RAPIDS U12,ROCKVILLE #1,LEAGUE,MONTGOMERY,,11/25/12 - BOB WEISS,,,,,,,,,,,,,,,,,,,,,,,,,,,,,,
12/1/12,SATURDAY,11:00 AM,SQUIRT B,REISTERSTOWN,LEAGUE,HAGERSTOWN,SAT DAY,11/27/12 - LAURA,,,,,,,,,,,,,,,,,,,,,,,,,,,,,,
12/1/12,SATURDAY,5:10 PM,U18 LOWER A,MT PLEASANT,LEAGUE,,,,,,,,,,,,,,,,,,,,,,,,,,,,,,,,,
12/1/12,SATURDAY,10:45 AM,MIDGET REC BLACK,MT PLEASANT,LEAGUE,BOWIE BLACK,,11/26/12 - CHRIS HINKSON,,,,,,,,,,,,,,,,,,,,,,,,,,,,,,
12/1/12,SATURDAY,6:50 PM,MIDGET REC WHITE,MT PLEASANT,LEAGUE,BOWIE GOLD,,11/26/12 - CHRIS HINKSON,,,,,,,,,,,,,,,,,,,,,,,,,,,,,,
12/1/12,SATURDAY,11:00 AM,PEE WEE REC WHITE,LAUREL,LEAGUE,TRI-CITY FALCONS,,11/26/12 - NIKKI GOLDSCHMIT,,,,,,,,,,,,,,,,,,,,,,,,,,,,,,
12/1/12,SATURDAY,12:30 PM,BANTAM REC,LAUREL,LEAGUE,TRI-CITY FALCONS,,11/26/12 - NIKKI GOLDSCHMIT,,,,,,,,,,,,,,,,,,,,,,,,,,,,,,
12/1/12,SATURDAY,12:45 PM,SQUIRT REC,PINEY ORCHARD,LEAGUE,METRO,,11/26/12 - KRISTINA,,,,,,,,,,,,,,,,,,,,,,,,,,,,,,
12/2/12,SUNDAY,10:45 AM,PEE WEE B,MT PLEASANT,LEAGUE ,PRINCE WILLIAM,,11/25/12 - BRUCE JOHNSON,,,,,,,,,,,,,,,,,,,,,,,,,,,,,,
12/2/12,SUNDAY,10:50 AM,PEE WEE LOWER A,BOWIE,LEAGUE,BOWIE,,11/26/12 - CHRIS HINKSON,,,,,,,,,,,,,,,,,,,,,,,,,,,,,,
12/2/12,SUNDAY,12:25 PM,SQUIRT UPPER A,BOWIE,LEAGUE,BOWIE,,11/26/12 - CHRIS HINKSON,,,,,,,,,,,,,,,,,,,,,,,,,,,,,,
12/2/12,SUNDAY,9:45 AM,BANTAM REC,REISTERSTOWN,NON-LEAGUE,LANCASTER FIRE BIRDS,,11/26/12 - JULIE OTTER,,,,,,,,,,,,,,,,,,,,,,,,,,,,,,
12/2/12,SUNDAY,11:30 AM,RAPIDS U12,REISTERSTOWN,LEAGUE,NOVA 1,,11/26/12 - DAWN PAGE,,,,,,,,,,,,,,,,,,,,,,,,,,,,,,
12/2/12,SUNDAY,1:15 PM,BANTAM UPPER A,REISTERSTOWN,LEAGUE,RICHMOND,,,,,,,,,,,,,,,,,,,,,,,,,,,,,,,,
12/2/12,SUNDAY,9:00 AM,SQUIRT REC,MT PLEASANT,LEAGUE,NOVA 1,,11/27/12 - BILL GERKE,,,,,,,,,,,,,,,,,,,,,,,,,,,,,,
12/2/12,SUNDAY,7:50 AM,MITE TRAVEL,NAVAL ACADEMY - MC MULLEN,NON-LEAGUE,NAVY,,11/25/12 - GREG SCHROEDER,,,,,,,,,,,,,,,,,,,,,,,,,,,,,,
12/2/12,SUNDAY,8:00 AM,,PATTERSON PARK,,,,,,,,,,,,,,,,,,,,,,,,,,,,,,,,,,
12/8/12,SATURDAY,2:50 PM,BANTAM UPPER A,CHILLED PONDS,LEAGUE,HAMPTON ROADS,,12/3/12 - LISA ALVARADO,,,,,,,,,,,,,,,,,,,,,,,,,,,,,,
12/8/12,SATURDAY,5:10 PM,PEE WEE B,MT PLEASANT,LEAGUE,HAMPTON ROADS,,12/3/12 - LISA ALVARADO,,,,,,,,,,,,,,,,,,,,,,,,,,,,,,
12/8/12,SATURDAY,2:30 PM,PEE WEE LOWER A,SKATE FREDERICK,LEAGUE,FREDERICK,,12/6/12 - KEN ELLIOTT,`,,,,,,,,,,,,,,,,,,,,,,,,,,,,,
12/8/12,SATURDAY,11:10 AM,RAPIDS U12,CHEVY CHASE,LEAGUE,CHEVY CHASE,,12/3/12 - LINDSAY CEPHAS,,,,,,,,,,,,,,,,,,,,,,,,,,,,,,
12/8/12,SATURDAY,5:00 PM,SQUIRT B,HAGERSTOWN,LEAGUE,HAGERSTOWN,,12/3/12 - LAURA,,,,,,,,,,,,,,,,,,,,,,,,,,,,,,
12/8/12,SATURDAY,12:20 PM,SQUIRT UPPER A,ASHBURN - EAST RINK,LEAGUE,ASHBURN,,12/3/12 - MIKE LESLIE,,,,,,,,,,,,,,,,,,,,,,,,,,,,,,
12/8/12,SATURDAY,11:00 AM,MIDGET REC BLACK,REISTERSTOWN,LEAGUE,METRO,,12/3/12 - KRISTINA,,,,,,,,,,,,,,,,,,,,,,,,,,,,,,
12/8/12,SATURDAY,10:45 AM,PEE WEE REC BLACK,MT PLEASANT,LEAGUE,CHEVY CHASE BLACK,,12/3/12 - LINDSAY CEPHAS,,,,,,,,,,,,,,,,,,,,,,,,,,,,,,
12/8/12,SATURDAY,6:50 PM,PEE WEE REC WHITE,MT PLEASANT,LEAGUE,METRO,,12/3/12 - KRISTINA,,,,,,,,,,,,,,,,,,,,,,,,,,,,,,
12/8/12,SATURDAY,9:00 AM,MITE TRAVEL,LAUREL - MINI RINK,NON-LEAGUE,JAMBOREE,,,,,,,,,,,,,,,,,,,,,,,,,,,,,,,,
12/8/12,SATURDAY,10:30 AM,MITE CROSS ICE,LAUREL - MINI RINK,NON-LEAGUE,JAMBOREE,,,,,,,,,,,,,,,,,,,,,,,,,,,,,,,,
12/9/12,SUNDAY,11:20 AM,BANTAM UPPER A,SKATE NATION,LEAGUE,RICHMOND,,12/3/12 - MIKE LYONS,,,,,,,,,,,,,,,,,,,,,,,,,,,,,,
12/9/12,SUNDAY,9:00 AM,PEE WEE B,MT PLEASANT,LEAGUE,HAMPTON ROADS,,12/3/12 - LISA ALVARADO,,,,,,,,,,,,,,,,,,,,,,,,,,,,,,
12/9/12,SUNDAY,10:45 AM,SQUIRT REC,MT PLEASANT,LEAGUE,SOUTHERN MARYLAND RED,,12/4/12 - CHRIS KENNEDY,,,,,,,,,,,,,,,,,,,,,,,,,,,,,,
12/9/12,SUNDAY,4:15 PM,SQUIRT B,RESTON - NHL,LEAGUE,RESTON,,12/3/12 - TRACY COSKER,,,,,,,,,,,,,,,,,,,,,,,,,,,,,,
12/9/12,SUNDAY,11:30 AM,U18 LOWER A,REISTERSTOWN,LEAGUE,METRO,,12/3/12 - KRISTINA,,,,,,,,,,,,,,,,,,,,,,,,,,,,,,
12/9/12,SUNDAY,9:45 AM,MIDGET REC WHITE,REISTERSTOWN,NON-LEAGUE,LANCASTER FIRE BIRDS,,12/3/12 - JULIE OTTER,,,,,,,,,,,,,,,,,,,,,,,,,,,,,,
12/9/12,SUNDAY,1:15 PM,MIDGET REC BLACK,REISTERSTOWN,LEAGUE ,NOVA 2,,12/3/12 - BILL GERKE,,,,,,,,,,,,,,,,,,,,,,,,,,,,,,
12/9/12,SUNDAY,8:00 AM,MITE HALF ICE (2 TEAMS),PATTERSON PARK,NON-LEAGUE,TRI-CITY,,,,,,,,,,,,,,,,,,,,,,,,,,,,,,,,
12/9/12,SUNDAY,8:30 AM,RAPIDS U12,HERSHEY PARK ARENA,NON-LEAGUE,HERSHEY U12,,12/3/12 - TIFFANY PAPOUTSIS,,,,,,,,,,,,,,,,,,,,,,,,,,,,,,
12/9/12,SUNDAY,10:15 AM,PEE WEE REC WHITE,HERBERT WELLS ICE RINK,LEAGUE,WELLS,,,,,,,,,,,,,,,,,,,,,,,,,,,,,,,,
12/9/12,SUNDAY,2:00 PM,PEE WEE LOWER A,HAYMARKET ICE PLEX,NON-LEAGUE,PIEDMONT PREDATORS,,12/3/12 - CHRIS WISEMAN,,,,,,,,,,,,,,,,,,,,,,,,,,,,,,
12/9/12,SUNDAY,9:00 AM,MITE TRAVEL,ICE WORLD,NON-LEAGUE,HARFORD,,12/3/12 - MIKE VANDE LOO,,,,,,,,,,,,,,,,,,,,,,,,,,,,,,
12/15/12,SATURDAY,5:10 PM,BANTAM UPPER A,MT PLEASANT,LEAGUE,RESTON,NO RAPIDS U12,,,,,,,,,,,,,,,,,,,,,,,,,,,,,,,
12/15/12,SATURDAY,4:55 PM,PEE WEE LOWER A,ROCKVILLE #1,LEAGUE,MONTGOMERY,NO RAPIDS U12,12/10/12 - BOB WEISS,,,,,,,,,,,,,,,,,,,,,,,,,,,,,,
12/15/12,SATURDAY,2:30 PM,SQUIRT B,SKATE FREDERICK,LEAGUE,FREDERICK,NO RAPIDS U12,,,,,,,,,,,,,,,,,,,,,,,,,,,,,,,
12/15/12,SATURDAY,11:00 AM,SQUIRT UPPER A,REISTERSTOWN,LEAGUE,RESTON,NO RAPIDS U12,,,,,,,,,,,,,,,,,,,,,,,,,,,,,,,
12/15/12,SATURDAY,4:00 PM,U18 LOWER A,SKATE FREDERICK,LEAGUE,FREDERICK,NO RAPIDS U12,,,,,,,,,,,,,,,,,,,,,,,,,,,,,,,
12/15/12,SATURDAY,10:45 AM,BANTAM REC,MT PLEASANT,LEAGUE,CHEVY CHASE,NO RAPIDS U12,12/10/12 - LINDSAY CEPHAS,,,,,,,,,,,,,,,,,,,,,,,,,,,,,,
12/15/12,SATURDAY,6:50 PM,MIDGET REC WHITE,MT PLEASANT,LEAGUE,HOWARD GREY,NO RAPIDS U12,12/12/12 - BUD BUONATO,,,,,,,,,,,,,,,,,,,,,,,,,,,,,,
12/15/12,SATURDAY,11:00 AM,SQUIRT REC,LAUREL,LEAGUE,TRI-CITY FALCONS 1,,12/10/12 - NIKKI GOLDSCHMIDT,,,,,,,,,,,,,,,,,,,,,,,,,,,,,,
12/16/12,SUNDAY,12:00 PM,PEE WEE B,ICE WORLD,LEAGUE,HARFORD,,12/10/12 - MIKE VAN DELOO,,,,,,,,,,,,,,,,,,,,,,,,,,,,,,
12/16/12,SUNDAY,11:30 AM,PEE WEE LOWER A,REISTERSTOWN,LEAGUE,FREDERICK,,,,,,,,,,,,,,,,,,,,,,,,,,,,,,,,
12/16/12,SUNDAY,8:00 AM,RAPIDS U12,LAUREL - LOGSDON,LEAGUE,NOVA 2,,12/10/12 - DAWN PAGE,,,,,,,,,,,,,,,,,,,,,,,,,,,,,,
12/16/12,SUNDAY,8:15 AM,SQUIRT B,COLUMBIA,LEAGUE,HOWARD,,12/12/12 - BUD BUONATO,,,,,,,,,,,,,,,,,,,,,,,,,,,,,,
12/16/12,SUNDAY,9:00 AM,SQUIRT UPPER A,MT PLEASANT,LEAGUE,RICHMOND,,12/10/12 - MIKE LYONS,,,,,,,,,,,,,,,,,,,,,,,,,,,,,,
12/16/12,SUNDAY,9:45 AM,U18 LOWER A,REISTERSTOWN,NON-LEAGUE,YORK U18,,12/10/12 - YORK SCHEDULE,,,,,,,,,,,,,,,,,,,,,,,,,,,,,,
12/16/12,SUNDAY,1:15 PM,SQUIRT B,REISTERSTOWN,NON-LEAGUE,PIEDMONT PREDATORS,,12/10/12 - PIEDMONT SCHEDULE,,,,,,,,,,,,,,,,,,,,,,,,,,,,,,
12/16/12,SUNDAY,10:45 AM,MIDGET REC WHITE,MT PLEASANT,NON-LEAGUE,METRO,,12/13/12 - NIKKI,,,,,,,,,,,,,,,,,,,,,,,,,,,,,,
12/16/12,SUNDAY,8:00 AM,,PATTERSON PARK,,,,,,,,,,,,,,,,,,,,,,,,,,,,,,,,,,
12/16/12,SUNDAY,1:00 PM,PEE WEE REC WHITE,FORT DUPONT,LEAGUE,NOVA 2,,12/10/12 - BILL GERKE,,,,,,,,,,,,,,,,,,,,,,,,,,,,,,
12/16/12,SUNDAY,9:00 AM,PEE WEE REC BLACK,CHEVY CHASE,LEAGUE,CHEVY CHASE BLACK,,12/10/12 - LINDSAY CEPHAS,,,,,,,,,,,,,,,,,,,,,,,,,,,,,,
12/16/12,SUNDAY,12:15 PM,MIDGET REC BLACK,HERBERT WELLS ICE RINK,LEAGUE,WELLS,,12/11/12  - JOE HAMPTON,,,,,,,,,,,,,,,,,,,,,,,,,,,,,,
12/22/12,SATURDAY,5:10 PM,BANTAM UPPER A,MT PLEASANT,LEAGUE,NAVY,,12/16/12  - GREG SCHROEDER,,,,,,,,,,,,,,,,,,,,,,,,,,,,,,
12/22/12,SATURDAY,8:30 AM,PEE WEE REC WHITE,NAVAL ACADEMY - MC MULLEN,LEAGUE,NAVY BLUE,,12/16/12  - GREG SCHROEDER,,,,,,,,,,,,,,,,,,,,,,,,,,,,,,
12/22/12,SATURDAY,11:00 AM,SQUIRT UPPER A,REISTERSTOWN,LEAGUE,BOWIE,,12/17/12 - CHRIS HINKSON,,,,,,,,,,,,,,,,,,,,,,,,,,,,,,
12/22/12,SATURDAY,6:50 PM,RAPIDS U12,MT PLEASANT,NON-LEAGUE,NAVY U14,,12/16/12  - GREG SCHROEDER,,,,,,,,,,,,,,,,,,,,,,,,,,,,,,
12/22/12,SATURDAY,10:45 AM,PEE WEE B,MT PLEASANT,NON-LEAGUE,HOWARD BLACK,,12/17/12 - BUD BUONATO,,,,,,,,,,,,,,,,,,,,,,,,,,,,,,
12/22/12,SATURDAY,4:15 PM,SQUIRT REC,COLUMBIA,NON-LEAGUE,HOWARD BLACK,,12/17/12 - BUD BUONATO,,,,,,,,,,,,,,,,,,,,,,,,,,,,,,
12/23/12,SUNDAY,10:45 AM,,MT PLEASANT,,,,,,,,,,,,,,,,,,,,,,,,,,,,,,,,,,
12/23/12,SUNDAY,1:15 PM,SQUIRT UPPER A,CABIN JOHN - NHL,LEAGUE,MONTGOMERY BLUE,,12/16/12 - BOB WEISS,,,,,,,,,,,,,,,,,,,,,,,,,,,,,,
12/23/12,SUNDAY,9:00 AM,PEE WEE B,MT PLEASANT,PRACTICE,PRACTICE,,,,,,,,,,,,,,,,,,,,,,,,,,,,,,,,
12/23/12,SUNDAY,9:45 AM,SQUIRT B,REISTERSTOWN,NON-LEAGUE,HOWARD SILVER,,12/17/12 - BUD BUONATO,,,,,,,,,,,,,,,,,,,,,,,,,,,,,,
12/23/12,SUNDAY,11:30 AM,MIDGET REC WHITE,REISTERSTOWN,NON-LEAGUE,YORK BLACK,,12/20/12 - NICHOLE BAIBOS,,,,,,,,,,,,,,,,,,,,,,,,,,,,,,
12/23/12,SUNDAY,1:15 PM,,REISTERSTOWN,,,,,,,,,,,,,,,,,,,,,,,,,,,,,,,,,,
12/23/12,SUNDAY,8:00 AM,,PATTERSON PARK,,,,,,,,,,,,,,,,,,,,,,,,,,,,,,,,,,
12/23/12,SUNDAY,12:25 PM,BANTAM REC,BOWIE,LEAGUE,BOWIE,,12/17/12 - CHRIS HINKSON, ,,,,,,,,,,,,,,,,,,,,,,,,,,,,,
1/5/13,SATURDAY,5:30 PM,BANTAM UPPER A,LAUREL,LEAGUE,TRI-CITY,,1/4/13 - JOE SCHWARTZ,,,,,,,,,,,,,,,,,,,,,,,,,,,,,,
1/5/13,SATURDAY,12:30 PM,PEE WEE B,PRINCE WILLIAM ICE CENTER ,NON-LEAGUE,PRINCE WILLIAM,,12/31/12 - BRUCE JOHNSON,,,,,,,,,,,,,,,,,,,,,,,,,,,,,,
1/5/13,SATURDAY,8:20 AM,PEE WEE REC BLACK,NAVAL ACADEMY - MC MULLEN,LEAGUE,NAVY GOLD,,12/31/12 - GREG SCHROEDER,,,,,,,,,,,,,,,,,,,,,,,,,,,,,,
1/5/13,SATURDAY,6:15 PM,SQUIRT B,TALBOT COMMUNITY CENTER,LEAGUE,EASTON,,1/3/13 - KAREN WATERS,,,,,,,,,,,,,,,,,,,,,,,,,,,,,,
1/5/13,SATURDAY,4:10 PM,SQUIRT UPPER A,ICE ZONE,LEAGUE,RICHMOND,,,,,,,,,,,,,,,,,,,,,,,,,,,,,,,,
1/5/13,SATURDAY,10:45 AM,SQUIRT REC,MT PLEASANT,LEAGUE,NAVY,,12/31/12 - GREG SCHROEDER,,,,,,,,,,,,,,,,,,,,,,,,,,,,,,
1/5/13,SATURDAY,11:00 AM,PEE WEE REC WHITE,REISTERSTOWN,LEAGUE,WELLS,,12/31/12 - JOE HAMPTON,,,,,,,,,,,,,,,,,,,,,,,,,,,,,,
1/5/13,SATURDAY,5:10 PM,BANTAM REC,MT PLEASANT,LEAGUE,SOUTHERN MARYLAND WHITE,,1/1/13 - CHRIS KENNEDY,,,,,,,,,,,,,,,,,,,,,,,,,,,,,,
1/5/13,SATURDAY,6:50 PM,PEE WEE LOWER A,MT PLEASANT,NON-LEAGUE,PIEDMONT PREDATORS,,12/31/12 - CHRIS WISEMAN,,,,,,,,,,,,,,,,,,,,,,,,,,,,,,
1/5/13,SATURDAY,5:15 PM,MIDGET REC BLACK,PINEY ORCHARD,NON-LEAGUE,METRO,,1/3/13 - KRISTINA,,,,,,,,,,,,,,,,,,,,,,,,,,,,,,
1/5/13,SATURDAY,6:30 PM,RAPIDS U12,ROCKVILLE #1,NON-LEAGUE,MONTGOMERY U12 GOLD,,12/18/12 - BOB WEISS,,,,,,,,,,,,,,,,,,,,,,,,,,,,,,
1/5/13,SATURDAY,4:50 PM,U18 LOWER A,LAUREL,NON-LEAGUE,HOWARD U16AA,,12/31/12 - BUD BUONAO,,,,,,,,,,,,,,,,,,,,,,,,,,,,,,
1/6/13,SUNDAY,10:15 AM,PEE WEE LOWER A,TALBOT COMMUNITY CENTER,LEAGUE,EASTON,,1/3/13 - KAREN WATERS,,,,,,,,,,,,,,,,,,,,,,,,,,,,,,
1/6/13,SUNDAY,10:35 AM,RAPIDS U12,CHEVY CHASE,LEAGUE,CHEVY CHASE,,12/31/12 - LINDSAY CEPHAS,,,,,,,,,,,,,,,,,,,,,,,,,,,,,,
1/6/13,SUNDAY,9:45 AM,PEE WEE REC BLACK,REISTERSTOWN,LEAGUE,NOVA 3,,1/2/13 - BILL GERKE,,,,,,,,,,,,,,,,,,,,,,,,,,,,,,
1/6/13,SUNDAY,1:15 PM,PEE WEE B,REISTERSTOWN,NON-LEAGUE,PIEDMONT PREDATORS,,12/31/12 - CHRIS WISEMAN,,,,,,,,,,,,,,,,,,,,,,,,,,,,,,
1/6/13,SUNDAY,9:00 AM,BANTAM UPPER A,MT PLEASANT,NON-LEAGUE,PIEDMONT PREDATORS AA,,12/31/12 - CHRIS WISEMAN,,,,,,,,,,,,,,,,,,,,,,,,,,,,,,
1/6/13,SUNDAY,10:45 AM,MITE TRAVEL,MT PLEASANT,NON-LEAGUE,NAVY,,12/31/12 - GREG SCHROEDER,,,,,,,,,,,,,,,,,,,,,,,,,,,,,,
1/6/13,SUNDAY,8:00 AM,SQUIRT REC,PATTERSON PARK,LEAGUE,METRO,,1/3/13 - KRISTINA,,,,,,,,,,,,,,,,,,,,,,,,,,,,,,
1/6/13,SUNDAY,11:15 AM,MIDGET REC BLACK,CAPITOL CLUB HOUSE,LEAGUE,SOUTHERN MARYLAND,,1/1/13 - CHRIS KENNEDY,,,,,,,,,,,,,,,,,,,,,,,,,,,,,,
1/12/13,SATURDAY,5:20 PM,PEE WEE B,BOWIE,LEAGUE ,BOWIE,,1/7/13 - CHRIS HINKSON,,,,,,,,,,,,,,,,,,,,,,,,,,,,,,
1/12/13,SATURDAY,6:50 PM,PEE WEE LOWER A,MT PLEASANT,LEAGUE,NOVA,,1/7/13 - DAWN PAGE,,,,,,,,,,,,,,,,,,,,,,,,,,,,,,
1/12/13,SATURDAY,11:00 AM,SQUIRT B,REISTERSTOWN,NON-LEAGUE,NAVY,,1/7/13 - GREG SCHROEDER,,,,,,,,,,,,,,,,,,,,,,,,,,,,,,
1/12/13,SATURDAY,2:30 PM,SQUIRT UPPER A,SKATE FREDERICK,LEAGUE,FREDERICK,,1/9/13 - KEN ELLIOTT,,,,,,,,,,,,,,,,,,,,,,,,,,,,,,
1/12/13,SATURDAY,5:10 PM,PEE WEE REC BLACK,MT PLEASANT,NON-LEAGUE,HARFORD,,1/6/13 - MIKE VAN DELOO,,,,,,,,,,,,,,,,,,,,,,,,,,,,,,
1/12/13,SATURDAY,10:45 AM,SQUIRT REC,MT PLEASANT,NON-LEAGUE,HARFORD,,1/6/13 - MIKE VAN DELOO,,,,,,,,,,,,,,,,,,,,,,,,,,,,,,
1/12/13,SATURDAY,2:20 PM,PEE WEE REC WHITE,LAUREL - PATRICK,LEAGUE,CHEVY CHASE RED,,1/7/13 - LINDSAY CEPHAS,,,,,,,,,,,,,,,,,,,,,,,,,,,,,,
1/12/13,SATURDAY,6:55 PM,MIDGET REC WHITE,BOWIE,LEAGUE,BOWIE BLACK,,1/6/13 - BOWIE WEBPAGE,,,,,,,,,,,,,,,,,,,,,,,,,,,,,,
1/12/13,SATURDAY,6:15 PM,BANTAM REC,LANCASTER ICE RINK,NON-LEAGUE,LANCASTER FIRE BIRDS,,1/7/13 - LANCASTER WEB PAGE,,,,,,,,,,,,,,,,,,,,,,,,,,,,,,
1/12/13,SATURDAY,4:00 PM,MIDGET REC BLACK,YORK,NON-LEAGUE,YORK BLACK,,1/10/13 - NICHOLE BAIBOS,,,,,,,,,,,,,,,,,,,,,,,,,,,,,,
1/12/13,SATURDAY,3:45 PM,BANTAM UPPER A,PINEY ORCHARD,NON-LEAGUE,METRO,,1/8/13 - KRISTINA,,,,,,,,,,,,,,,,,,,,,,,,,,,,,,
1/12/13,SATURDAY,5:30 PM,U18 LOWER A,ICE WORLD,LEAGUE,HAMPTON ROADS,,,,,,,,,,,,,,,,,,,,,,,,,,,,,,,,
1/13/13,SUNDAY,3:45 PM,BANTAM UPPER A,MT VERNON,LEAGUE,NOVA,,1/7/13 - DAWN PAGE,,,,,,,,,,,,,,,,,,,,,,,,,,,,,,
1/13/13,SUNDAY,9:45 AM,RAPIDS U12,REISTERSTOWN,LEAGUE,MONTGOMERY,,1/6/13 - BOB WEISS,,,,,,,,,,,,,,,,,,,,,,,,,,,,,,
1/13/13,SUNDAY,10:45 AM,SQUIRT UPPER A,MT PLEASANT,LEAGUE,NAVY,,1/7/13 - GREG SCHROEDER,,,,,,,,,,,,,,,,,,,,,,,,,,,,,,
1/13/13,SUNDAY,11:30 AM,MITE CROSS ICE,REISTERSTOWN,MITE JAMBOREE,,,,,,,,,,,,,,,,,,,,,,,,,,,,,,,,,
1/13/13,SUNDAY,1:15 PM,MITE CROSS ICE,REISTERSTOWN,MITE JAMBOREE,,,,,,,,,,,,,,,,,,,,,,,,,,,,,,,,,
1/13/13,SUNDAY,9:00 AM,U18 LOWER A,MT PLEASANT,LEAGUE,HAMPTON ROADS,,,,,,,,,,,,,,,,,,,,,,,,,,,,,,,,
1/13/13,SUNDAY,8:00 AM,PEE WEE B,PATTERSON PARK,NON-LEAGUE,DELAWARE DUCKS,,1/7/13 - DELAWARE WEB PAGE,,,,,,,,,,,,,,,,,,,,,,,,,,,,,,
1/13/13,SUNDAY,9:15 AM,SQUIRT REC,MT VERNON,LEAGUE,NOVA 1,,1/8/13 - BILL GERKE,,,,,,,,,,,,,,,,,,,,,,,,,,,,,,
1/16/13,WEDNESDAY,7:40 PM,BANTAM UPPER A,ASHBURN,LEAGUE,ASHBURN,,1/9/13 - MIKE LESLIE,,,,,,,,,,,,,,,,,,,,,,,,,,,,,,
1/19/13,SATURDAY,10:45 AM,BANTAM UPPER A,MT PLEASANT,NON-LEAGUE,CHESTER COUNTY,,1/14 - TOM NORTON,,,,,,,,,,,,,,,,,,,,,,,,,,,,,,
1/19/13,SATURDAY,12:30 PM,PEE WEE B,PRINCE WILLIAM ICE CENTER ,LEAGUE,PRINCE WILLIAM,,1/14 - BRUCE JOHNSON,,,,,,,,,,,,,,,,,,,,,,,,,,,,,,
1/19/13,SATURDAY,5:10 PM,U18 LOWER A,MT PLEASANT,LEAGUE,BLUE RIDGE,,,,,,,,,,,,,,,,,,,,,,,,,,,,,,,,
1/19/13,SATURDAY,11:00 AM,RAPIDS U12,REISTERSTOWN,NON-LEAGUE,HERSHEY U12,,1/14 - HERSHEY WEBSITE,,,,,,,,,,,,,,,,,,,,,,,,,,,,,,
1/19/13,SATURDAY,6:50 PM,BANTAM REC,MT PLEASANT,NON-LEAGUE,HARFORD,,1/14 - MIKE VAN DELOO,,,,,,,,,,,,,,,,,,,,,,,,,,,,,,
1/19/13,SATURDAY,4:15 PM,PEE WEE REC BLACK,MT VERNON,LEAGUE,NOVA 3,,1/15 BILL GERKE,,,,,,,,,,,,,,,,,,,,,,,,,,,,,,
1/19/13,SATURDAY,5:40 PM,MIDGET REC WHITE,COLUMBIA,LEAGUE,HOWARD WHITE,,1/15 BUD BUONATO,,,,,,,,,,,,,,,,,,,,,,,,,,,,,,
1/19/13,SATURDAY,4:30 PM,MIDGET REC BLACK,LANCASTER ICE RINK,NON-LEAGUE,LANCASTER FIRE BIRDS,,1/14 - LANCASTER WEBSITE,,,,,,,,,,,,,,,,,,,,,,,,,,,,,,
1/19/13,SATURDAY,4:10 PM,PEE WEE LOWER A,RESTON ,NON-LEAGUE,RESTON,,,,,,,,,,,,,,,,,,,,,,,,,,,,,,,,
1/20/13,SUNDAY,1:15 PM,BANTAM UPPER A,REISTERSTOWN,LEAGUE,MONTGOMERY,,1/15 BOB WEISS,,,,,,,,,,,,,,,,,,,,,,,,,,,,,,
1/20/13,SUNDAY,3:10 PM,PEE WEE LOWER A,NAVAL ACADEMY - MC MULLEN,LEAGUE,NAVY,,1/15 - GREG SCHROEDER,,,,,,,,,,,,,,,,,,,,,,,,,,,,,,
1/20/13,SUNDAY,8:00 AM,RAPIDS U12,LAUREL - LOGSDON,LEAGUE,NOVA 2,,1/14 - DAWN PAGE,,,,,,,,,,,,,,,,,,,,,,,,,,,,,,
1/20/13,SUNDAY,10:30 AM,SQUIRT B,ICE WORLD,LEAGUE,HARFORD,,1/14 - MIKE VAN DELOO,,,,,,,,,,,,,,,,,,,,,,,,,,,,,,
1/20/13,SUNDAY,10:45 AM,U18 LOWER A,MT PLEASANT,LEAGUE,BLUE RIDGE,,,,,,,,,,,,,,,,,,,,,,,,,,,,,,,,
1/20/13,SUNDAY,9:45 AM,MIDGET REC WHITE,REISTERSTOWN,LEAGUE,MIDGET REC BLACK,,,,,,,,,,,,,,,,,,,,,,,,,,,,,,,,
1/20/13,SUNDAY,11:30 AM,PEE WEE B,REISTERSTOWN,NON-LEAGUE,YORK,,1/14 - YORK WEBSITE,,,,,,,,,,,,,,,,,,,,,,,,,,,,,,
1/20/13,SUNDAY,9:00 AM,SQUIRT REC,MT PLEASANT,LEAGUE,TRI-CITY FALCONS 2,,1/15 - NIKKI GOLDSCHMIDT,,,,,,,,,,,,,,,,,,,,,,,,,,,,,,
1/20/13,SUNDAY,8:00 AM,,PATTERSON PARK,,,,,,,,,,,,,,,,,,,,,,,,,,,,,,,,,,
1/20/13,SUNDAY,10:45 AM,BANTAM REC,MT VERNON,LEAGUE,NOVA 2,,1/15 BILL GERKE,,,,,,,,,,,,,,,,,,,,,,,,,,,,,,
1/20/13,SUNDAY,11:30 AM,SQUIRT UPPER A,HAGERSTOWN,LEAGUE,HAGERSTOWN,,1/14 - LAURA ELMOHANDES,,,,,,,,,,,,,,,,,,,,,,,,,,,,,,
1/20/13,SUNDAY,10:50 AM,PEE WEE REC BLACK,BOWIE,LEAGUE,BOWIE,,1/15 - CHRIS HINKSON,,,,,,,,,,,,,,,,,,,,,,,,,,,,,,
1/20/13,SUNDAY,12:30 PM,PEE WEE REC WHITE,PINEY ORCHARD,LEAGUE,METRO,,1/16 - KRISTINA,,,,,,,,,,,,,,,,,,,,,,,,,,,,,,
1/26/13,SATURDAY,11:00 AM,PEE WEE LOWER A,REISTERSTOWN,LEAGUE,HAGERSTOWN,,1/21 - LAURA ELMOHANDES,,,,,,,,,,,,,,,,,,,,,,,,,,,,,,
1/26/13,SATURDAY,10:45 AM,RAPIDS U12,MT PLEASANT,NON-LEAGUE,FREDERICK U14 SILVER,,1/22 - KEN ELLIOT,,,,,,,,,,,,,,,,,,,,,,,,,,,,,,
1/26/13,SATURDAY,5:10 PM,SQUIRT UPPER A,MT PLEASANT,LEAGUE,PRINCE WILLIAM,,1/21 - BRUCE JOHNSON,,,,,,,,,,,,,,,,,,,,,,,,,,,,,,
1/26/13,SATURDAY,4:20 PM,U18 LOWER A,CHILLED PONDS,LEAGUE,HAMPTON ROADS,,1/21 - LISA ALVARADO,,,,,,,,,,,,,,,,,,,,,,,,,,,,,,
1/26/13,SATURDAY,6:50 PM,PEE WEE REC BLACK,MT PLEASANT,LEAGUE,NAVY GOLD,,1/21 - GREG SCHROEDER,,,,,,,,,,,,,,,,,,,,,,,,,,,,,,
1/26/13,SATURDAY,9:00 AM,MITE CROSS ICE,LAUREL ICE GARDEN MINI RINK,NON-LEAGUE,MITE B JAMBOREE,,,,,,,,,,,,,,,,,,,,,,,,,,,,,,,,
1/26/13,SATURDAY,10:45 AM,MITE CROSS ICE,LAUREL ICE GARDEN MINI RINK,NON-LEAGUE,MITE B JAMBOREE,,,,,,,,,,,,,,,,,,,,,,,,,,,,,,,,
1/26/13,SATURDAY,7:20 AM,MITE TRAVEL,NAVAL ACADEMY - MC MULLEN,NON-LEAGUE,NAVY,,1/21 - GREG SCHROEDER,,,,,,,,,,,,,,,,,,,,,,,,,,,,,,
1/27/13,SUNDAY,9:00 AM,SQUIRT B,MT PLEASANT,,PRACTICE,,,,,,,,,,,,,,,,,,,,,,,,,,,,,,,,
1/27/13,SUNDAY,9:45 AM,PEE WEE LOWER A,REISTERSTOWN,LEAGUE,BOWIE,,1/21 - CHRIS HINKSON,,,,,,,,,,,,,,,,,,,,,,,,,,,,,,
1/27/13,SUNDAY,10:45 AM,RAPIDS U12,MT PLEASANT,LEAGUE,CHEVY CHASE,,1/22 - LINDSAY CEPHAS,,,,,,,,,,,,,,,,,,,,,,,,,,,,,,
1/27/13,SUNDAY,11:30 AM,BANTAM REC,REISTERSTOWN,LEAGUE,METRO,, ,,,,,,,,,,,,,,,,,,,,,,,,,,,,,,
1/27/13,SUNDAY,1:15 PM,SQUIRT REC,REISTERSTOWN,LEAGUE,TRI-CITY FALCONS 1,,1/21 - NIKKI GOLDSCHMIDT,,,,,,,,,,,,,,,,,,,,,,,,,,,,,,
1/27/13,SUNDAY,8:00 AM,MITE TRAVEL,PATTERSON PARK,NON-LEAGUE,CHEVY CHASE,,1/22 - LINDSAY CEPHAS,,,,,,,,,,,,,,,,,,,,,,,,,,,,,,
1/27/13,SUNDAY,1:00 PM,MIDGET REC WHITE,FORT DUPONT,NON-LEAGUE,NOVA 1,,1/22 - BILL GERKE,,,,,,,,,,,,,,,,,,,,,,,,,,,,,,
1/27/13,SUNDAY,11:00 AM,SQUIRT UPPER A,HAYMARKET ICE PLEX,NON-LEAGUE,PIEDMONT PREDATORS,,1/22 - CHRIS WISEMAN,,,,,,,,,,,,,,,,,,,,,,,,,,,,,,
1/27/13,SUNDAY,2:00 PM,PEE WEE B,HAYMARKET ICE PLEX,NON-LEAGUE,PIEDMONT PREDATORS,,1/22 - CHRIS WISEMAN,,,,,,,,,,,,,,,,,,,,,,,,,,,,,,
2/2/13,SATURDAY,11:25 AM,BANTAM UPPER A,RESTON - OLYMPIC,LEAGUE,RESTON,,1/30 - TRACY COSKER,,,,,,,,,,,,,,,,,,,,,,,,,,,,,,
2/2/13,SATURDAY,1:00 PM,PEE WEE B,SKATE FREDERICK,LEAGUE,FREDERICK,,,,,,,,,,,,,,,,,,,,,,,,,,,,,,,,
2/2/13,SATURDAY,10:45 AM,PEE WEE REC WHITE,MT PLEASANT,LEAGUE,NAVY BLUE,,1/28 - GREG SCHROEDER,,,,,,,,,,,,,,,,,,,,,,,,,,,,,,
2/2/13,SATURDAY,11:00 AM,SQUIRT REC,REISTERSTOWN,LEAGUE,HOWARD BLACK,,1/29 - BUD BUONATO,,,,,,,,,,,,,,,,,,,,,,,,,,,,,,
2/2/13,SATURDAY,5:10 PM,MIDGET REC BLACK,MT PLEASANT,NON-LEAGUE,NOVA 1,,1/29 - BILL GERKE,,,,,,,,,,,,,,,,,,,,,,,,,,,,,,
2/2/13,SATURDAY,12:30 PM,PEE WEE REC BLACK,ICE WORLD,NON-LEAGUE,HARFORD,,1/28 - MIKE VAN DELOO,,,,,,,,,,,,,,,,,,,,,,,,,,,,,,
2/2/13,SATURDAY,6:50 PM,SQUIRT UPPER A,MT PLEASANT,NON-LEAGUE,HOWARD AA,,1/29 - BUD BUONATO,,,,,,,,,,,,,,,,,,,,,,,,,,,,,,
2/2/13,SATURDAY,2:15 PM,U18 LOWER A,ICE WORLD,LEAGUE,METRO,,1/28 - KRISTINA,,,,,,,,,,,,,,,,,,,,,,,,,,,,,,
2/2/13,SATURDAY,9:00 AM,MITE CROSS ICE,LAUREL - MINI RINK,NON-LEAGUE,JAMBOREE,,,,,,,,,,,,,,,,,,,,,,,,,,,,,,,,
2/3/13,SUNDAY,8:45 AM,BANTAM UPPER A,ICE WORLD,LEAGUE,HAMPTON ROADS,,1/30 - LISA ALVARADO,,,,,,,,,,,,,,,,,,,,,,,,,,,,,,
2/3/13,SUNDAY,12:20 PM,BANTAM UPPER A,LAUREL,LEAGUE,HOWARD,,1/29 - BUD BUONATO,,,,,,,,,,,,,,,,,,,,,,,,,,,,,,
2/3/13,SUNDAY,1:15 PM,PEE WEE LOWER A,REISTERSTOWN,LEAGUE ,MONTGOMERY,,1/28 - BOB WEISS,,,,,,,,,,,,,,,,,,,,,,,,,,,,,,
2/3/13,SUNDAY,11:30 AM,SQUIRT B,REISTERSTOWN,LEAGUE,MONTGOMERY GOLD,,1/28 - BOB WEISS,,,,,,,,,,,,,,,,,,,,,,,,,,,,,,
2/3/13,SUNDAY,9:45 AM,SQUIRT UPPER A,REISTERSTOWN,LEAGUE,MONTGOMERY GOLD,,1/28 - BOB WEISS,,,,,,,,,,,,,,,,,,,,,,,,,,,,,,
2/3/13,SUNDAY,9:00 AM,PEE WEE REC WHITE,MT PLEASANT,NON-LEAGUE,HARFORD,,1/28 - MIKE VAN DELOO,,,,,,,,,,,,,,,,,,,,,,,,,,,,,,
2/3/13,SUNDAY,10:45 AM,PEE WEE B,MT PLEASANT,NON-LEAGUE,CAPITAL CITY VIPERS,,1/28 - CAPITOL CITY WEBPAGE,,,,,,,,,,,,,,,,,,,,,,,,,,,,,,
2/3/13,SUNDAY,8:00 AM,MITE TRAVEL,PATTERSON PARK,NON-LEAGUE,TRI-CITY,,,,,,,,,,,,,,,,,,,,,,,,,,,,,,,,
2/3/13,SUNDAY,9:15 AM,PEE WEE REC BLACK,MT VERNON,LEAGUE ,NOVA 1,,1/29 - BILL GERKE,,,,,,,,,,,,,,,,,,,,,,,,,,,,,,
2/9/13,SATURDAY,10:45 AM,BANTAM UPPER A,MT PLEASANT,LEAGUE,NOVA,,5-Feb,,,,,,,,,,,,,,,,,,,,,,,,,,,,,,
2/9/13,SATURDAY,5:30 PM,PEE WEE B,LAUREL,LEAGUE,HOWARD,,2/4 BUD BUONATO,,,,,,,,,,,,,,,,,,,,,,,,,,,,,,
2/9/13,SATURDAY,5:10 PM,BANTAM REC,MT PLEASANT,NON-LEAGUE,NOVA 2,,2/4 BILL GERKE,,,,,,,,,,,,,,,,,,,,,,,,,,,,,,
2/9/13,SATURDAY,11:00 AM,SQUIRT B,REISTERSTOWN,LEAGUE,HOWARD,,2/4 BUD BUONATO,,,,,,,,,,,,,,,,,,,,,,,,,,,,,,
2/9/13,SATURDAY,6:50 PM,SQUIRT UPPER A,MT PLEASANT,PRACTICE,PRACTICE,,2/5 DAWN PAGE,,,,,,,,,,,,,,,,,,,,,,,,,,,,,,
2/9/13,SATURDAY,4:30 PM,PEE WEE REC BLACK,CAPITOL CLUB HOUSE,LEAGUE,SOUTHERN MARYLAND,,2/5 CHRIS KENNEDY,,,,,,,,,,,,,,,,,,,,,,,,,,,,,,
2/9/13,SATURDAY,12:00 PM,MIDGET REC WHITE,YORK,NON-LEAGUE,YORK WHITE,,2/7 NICHOLE BAIBOS,,,,,,,,,,,,,,,,,,,,,,,,,,,,,,
2/10/13,SUNDAY,9:00 AM,PEE WEE B,MT PLEASANT,LEAGUE,HARFORD,,2/4 - MIKE VAN DELOO,,,,,,,,,,,,,,,,,,,,,,,,,,,,,,
2/10/13,SUNDAY,2:10 PM,PEE WEE LOWER A,LAUREL - PATRICK,LEAGUE, MONGTOMERY,,2/4 - BOB WEISS,,,,,,,,,,,,,,,,,,,,,,,,,,,,,,
2/10/13,SUNDAY,10:45 AM,RAPIDS U12,MT PLEASANT,LEAGUE,MONTGOMERY,,2/4 - BOB WEISS,,,,,,,,,,,,,,,,,,,,,,,,,,,,,,
,,,,,,,,,,,,,,,,,,,,,,,,,,,,,,,,,,,,,,
2/10/13,SUNDAY,9:45 AM,PEE WEE REC BLACK,REISTERSTOWN,LEAGUE,BOWIE,,2/4 - CHRIS HINKSON,,,,,,,,,,,,,,,,,,,,,,,,,,,,,,
2/10/13,SUNDAY,8:00 AM,SQUIRT B,PATTERSON PARK,LEAGUE,EASTON,,2/5 - KAREN WATERS,,,,,,,,,,,,,,,,,,,,,,,,,,,,,,
2/10/13,SUNDAY,11:00 AM,BANTAM UPPER A,HAYMARKET ICE PLEX,NON-LEAGUE,PIEDMONT PREDATORS,,2/4 - PIEDMONT WEBSITE,,,,,,,,,,,,,,,,,,,,,,,,,,,,,,
2/16/13,SATURDAY,5:10 PM,MIDGET REC WHITE,MT PLEASANT,NON-LEAGUE,NOVA 2,,2/12 - BILL GERKE,,,,,,,,,,,,,,,,,,,,,,,,,,,,,,
2/16/13,SATURDAY,11:00 AM,,REISTERSTOWN,,,,,,,,,,,,,,,,,,,,,,,,,,,,,,,,,,
2/16/13,SATURDAY,10:45 AM,,MT PLEASANT,,,,,,,,,,,,,,,,,,,,,,,,,,,,,,,,,,
2/16/13,SATURDAY,6:50 PM,,MT PLEASANT,,,,,,,,,,,,,,,,,,,,,,,,,,,,,,,,,,
2/16/13,SATURDAY,4:10 PM,U18 LOWER A,RICHMOND,LEAGUE,RICHMOND,,2/11 - MIKE LYONS,,,,,,,,,,,,,,,,,,,,,,,,,,,,,,
2/16/13,SATURDAY,1:30 PM,PEE WEE REC WHITE,LAUREL,LEAUGE,HOWARD GREY,,2/13 - BUD BUONATO,,,,,,,,,,,,,,,,,,,,,,,,,,,,,,
2/16/13,SATURDAY,3:00 PM,PEE WEE REC BLACK,LAUREL,LEAGUE,HOWARD WHITE,,2/13 - BUD BUONATO,,,,,,,,,,,,,,,,,,,,,,,,,,,,,,
2/16/13,SATURDAY,4:15 PM,BANTAM REC,COLUMBIA,LEAUGE,HOWARD,,2/13 - BUD BUONATO,,,,,,,,,,,,,,,,,,,,,,,,,,,,,,
2/16/13,SATURDAY,5:40 PM,MIDGET REC BLACK,COLUMBIA,LEAGUE,HOWARD GREY,,2/13 - BUD BUONATO,,,,,,,,,,,,,,,,,,,,,,,,,,,,,,
2/16/13,SATURDAY,6:30 PM,MITE TRAVEL; MITE CROSS (2),LAUREL - OLYMPIC,NON-LEAGUE,TRI CITY,,2/13 - MIKE PACYLOWSKI,,,,,,,,,,,,,,,,,,,,,,,,,,,,,,
2/17/13,SUNDAY,9:45 AM,MITE TRAVEL,REISTERSTOWN,NON-LEAGUE,BOWIE,,2/11 - CHRIS HINKSON,,,,,,,,,,,,,,,,,,,,,,,,,,,,,,
2/17/13,SUNDAY,8:00 AM,,REISTERSTOWN,,,,,,,,,,,,,,,,,,,,,,,,,,,,,,,,,,
2/17/13,SUNDAY,9:00 AM,HOLD,,,,,,,,,,,,,,,,,,,,,,,,,,,,,,,,,,,
2/17/13,SUNDAY,10:45 AM,,MT PLEASANT,,,,,,,,,,,,,,,,,,,,,,,,,,,,,,,,,,
2/17/13,SUNDAY,8:00 AM,,PATTERSON PARK,,,,,,,,,,,,,,,,,,,,,,,,,,,,,,,,,,
2/17/13,SUNDAY,9:50 AM,U18 LOWER A,RICHMOND,LEAUGE ,RICHMOND,,2/11 - MIKE LYONS,,,,,,,,,,,,,,,,,,,,,,,,,,,,,,
2/17/13,SUNDAY,10:00 AM,SQUIRT REC,FORT DUPONT,LEAGUE,NOVA 3,,2/12 - BILL GERKE,,,,,,,,,,,,,,,,,,,,,,,,,,,,,,
2/17/13,SUNDAY,10:45 AM,BANTAM REC,MT VERNON,NON-LEAGUE,NOVA 1,,2/12 - BILL GERKE,,,,,,,,,,,,,,,,,,,,,,,,,,,,,,
2/17/13,SUNDAY,1:00 PM,MIDGET REC BLACK,FORT DUPONT,LEAGUE,NOVA 1,,2/12 - BILL GERKE,,,,,,,,,,,,,,,,,,,,,,,,,,,,,,
2/17/13,SUNDAY,,MITE CROSS ICE,NAVAL ACADEMY - MC MULLEN,,JAMBOREE,,2/12 - GREG SCHROEDER,,,,,,,,,,,,,,,,,,,,,,,,,,,,,,
2/23/13,SATURDAY,6:15 PM,BANTAM UPPER A,TALBOT COMMUNITY CENTER,LEAGUE,EASTON,,2/20 - KAREN WATERS,,,,,,,,,,,,,,,,,,,,,,,,,,,,,,
2/23/13,SATURDAY,3:00 PM,PEE WEE B,CHILLED PONDS,NON-LEAGUE,HAMPTON ROADS,,,,,,,,,,,,,,,,,,,,,,,,,,,,,,,,
2/23/13,SATURDAY,,MITE CROSS ICE,LAUREL ,NON-LEAGUE,JAMBOREE - B LEVEL,,CANCELLED,,,,,,,,,,,,,,,,,,,,,,,,,,,,,,
2/23/13,SATURDAY,10:45 AM,PEE WEE LOWER A,MT PLEASANT,LEAGUE/NON LEAGUE,NAVY,,2/18 - GREG SCHROEDER,,,,,,,,,,,,,,,,,,,,,,,,,,,,,,
2/23/13,SATURDAY,11:00 AM,SQUIRT UPPER A,REISTERSTOWN,LEAGUE,NOVA,,2/18 - DAWN PAGE,,,,,,,,,,,,,,,,,,,,,,,,,,,,,,
2/23/13,SATURDAY,5:10 PM,SQUIRT B,MT PLEASANT,NON-LEAGUE,NOVA,,2/18 - DAWN PAGE,,,,,,,,,,,,,,,,,,,,,,,,,,,,,,
2/23/13,SATURDAY,6:50 PM,MITE TRAVEL,MT PLEASANT,NON-LEAGUE,CHEVY CHASE,,CANCELLED,,,,,,,,,,,,,,,,,,,,,,,,,,,,,,
2/24/13,SUNDAY,7:00 AM,PEE WEE B,CHILLED PONDS,LEAGUE,HAMPTON ROADS,,,,,,,,,,,,,,,,,,,,,,,,,,,,,,,,
2/24/13,SUNDAY,11:30 AM,PEE WEE LOWER A,REISTERSTOWN,LEAGUE,NOVA,,2/18 - DAWN PAGE,,,,,,,,,,,,,,,,,,,,,,,,,,,,,,
2/24/13,SUNDAY,10:20 AM,SQUIRT UPPER A,ROCKVILLE #2,LEAGUE,MONTGOMERY GOLD,,2/12 BOB WEISS,,,,,,,,,,,,,,,,,,,,,,,,,,,,,,
2/24/13,SUNDAY,8:15 AM,SQUIRT B,COLUMBIA,NON-LEAGUE,HOWARD BLACK,,2/20 - BUD BUONATO,,,,,,,,,,,,,,,,,,,,,,,,,,,,,,
2/24/13,SUNDAY,9:30 AM,BANTAM UPPER A,CHESTER COUNTY ,NON-LEAGUE,CHESTER COUNTY,,2/18 - TOM NORTON,,,,,,,,,,,,,,,,,,,,,,,,,,,,,,
2/24/13,SUNDAY,9:45 AM,,REISTERSTOWN,,,,,,,,,,,,,,,,,,,,,,,,,,,,,,,,,,
2/24/13,SUNDAY,1:15 PM,PEE WEE REC WHITE,REISTERSTOWN,LEAGUE,TRI-CITY FALCONS,,2/20 - NIKKI GOLDSCHMIDT,,,,,,,,,,,,,,,,,,,,,,,,,,,,,,
2/24/13,SUNDAY,9:00 AM,MITE TRAVEL,MT PLEASANT,NON-LEAGUE,HARFORD,,2/18 - MIKE VAN DELOO,,,,,,,,,,,,,,,,,,,,,,,,,,,,,,
2/24/13,SUNDAY,10:45 AM,U18 LOWER A,MT PLEASANT,PRACTICE,,,,,,,,,,,,,,,,,,,,,,,,,,,,,,,,,
,,,,,,,,,,,,,,,,,,,,,,,,,,,,,,,,,,,,,,
,,,,,,,,,,,,,,,,,,,,,,,,,,,,,,,,,,,,,,
,,,,,,,,,,,,,,,,,,,,,,,,,,,,,,,,,,,,,,
,,,,,,,,,,,,,,,,,,,,,,,,,,,,,,,,,,,,,,
,,,,,,,,,,,,,,,,,,,,,,,,,,,,,,,,,,,,,,
,,,,,,,,,,,,,,,,,,,,,,,,,,,,,,,,,,,,,,
,,,,,,,,,,,,,,,,,,,,,,,,,,,,,,,,,,,,,,
,,,,,,,,,,,,,,,,,,,,,,,,,,,,,,,,,,,,,,
,,,,,,,,,,,,,,,,,,,,,,,,,,,,,,,,,,,,,,
,,,,,,,,,,,,,,,,,,,,,,,,,,,,,,,,,,,,,,
,,,,,,,,,,,,,,,,,,,,,,,,,,,,,,,,,,,,,,
,,,,,,,,,,,,,,,,,,,,,,,,,,,,,,,,,,,,,,
,,,,,,,,,,,,,,,,,,,,,,,,,,,,,,,,,,,,,,
,,,,,,,,,,,,,,,,,,,,,,,,,,,,,,,,,,,,,,
,,,,,,,,,,,,,,,,,,,,,,,,,,,,,,,,,,,,,,
,,,,,,,,,,,,,,,,,,,,,,,,,,,,,,,,,,,,,,
,,,,,,,,,,,,,,,,,,,,,,,,,,,,,,,,,,,,,,
,,,,,,,,,,,,,,,,,,,,,,,,,,,,,,,,,,,,,,
,,,,,,,,,,,,,,,,,,,,,,,,,,,,,,,,,,,,,,
,,,,,,,,,,,,,,,,,,,,,,,,,,,,,,,,,,,,,,
,,,,,,,,,,,,,,,,,,,,,,,,,,,,,,,,,,,,,,
,,,,,,,,,,,,,,,,,,,,,,,,,,,,,,,,,,,,,,
,,,,,,,,,,,,,,,,,,,,,,,,,,,,,,,,,,,,,,
,,,,,,,,,,,,,,,,,,,,,,,,,,,,,,,,,,,,,,
,,,,,,,,,,,,,,,,,,,,,,,,,,,,,,,,,,,,,,
,,,,,,,,,,,,,,,,,,,,,,,,,,,,,,,,,,,,,,
,,,,,,,,,,,,,,,,,,,,,,,,,,,,,,,,,,,,,,
,,,,,,,,,,,,,,,,,,,,,,,,,,,,,,,,,,,,,,
,,,,,,,,,,,,,,,,,,,,,,,,,,,,,,,,,,,,,,
,,,,,,,,,,,,,,,,,,,,,,,,,,,,,,,,,,,,,,
,,,,,,,,,,,,,,,,,,,,,,,,,,,,,,,,,,,,,,
,,,,,,,,,,,,,,,,,,,,,,,,,,,,,,,,,,,,,,
,,,,,,,,,,,,,,,,,,,,,,,,,,,,,,,,,,,,,,
,,,,,,,,,,,,,,,,,,,,,,,,,,,,,,,,,,,,,,
